id;name;address;start;finish
1;Haiti;Borders;2021-02-28;2021-02-28
2;payment Extended;Beauty Cambridgeshire Incredible;2021-02-27;2021-02-27
3;Hat Iowa parsing;vortals firewall;2021-02-28;2021-02-28
4;Developer Hollow;Multi-tiered database;2021-02-28;2021-02-27
5;grey vortals;system;2021-02-28;2021-02-27
6;Books copying Peso;Cambridgeshire Multi-channelled USB;2021-02-28;2021-02-27
7;Georgia frame;Avon;2021-02-27;2021-02-28
8;primary Tasty Internal;Object-based collaboration;2021-02-28;2021-02-28
9;Rubber;Jewelery Avon Vietnam;2021-02-27;2021-02-28
10;gold application Configuration;Managed XSS visualize;2021-02-28;2021-02-28
